{
    "准确率%": [
        11.75,
        13.90999984741211,
        16.579999923706055,
        20.450000762939453,
        25.920000076293945,
        33.61000061035156,
        40.900001525878906,
        46.02000045776367,
        49.630001068115234,
        51.630001068115234,
        53.08000183105469,
        53.79999923706055,
        53.650001525878906,
        53.40999984741211,
        52.880001068115234
    ],
    "损失": [
        2.2906342567443847,
        2.281422299194336,
        2.2736389717102052,
        2.2656459159851075,
        2.2574182834625245,
        2.248347900009155,
        2.237640797805786,
        2.225917221069336,
        2.212341621398926,
        2.1972043575286864,
        2.179251202392578,
        2.159559118270874,
        2.1364265243530274,
        2.1099568405151365,
        2.0806802703857423
    ],
    "识别率%": 3.6721611721611724
}