{
    "准确率%": [
        10.390000343322754,
        10.319999694824219,
        10.319999694824219,
        10.319999694824219,
        10.319999694824219,
        10.319999694824219,
        10.319999694824219,
        10.319999694824219,
        10.319999694824219,
        10.319999694824219,
        11.350000381469727,
        11.350000381469727,
        11.350000381469727,
        11.350000381469727,
        11.350000381469727
    ],
    "损失": [
        2.3004007610321047,
        2.302270648956299,
        2.3026128395080567,
        2.302585425186157,
        2.302551922607422,
        2.302533391571045,
        2.30252617225647,
        2.302523723983765,
        2.302527067184448,
        2.3025258167266847,
        2.302525986480713,
        2.302526584625244,
        2.3025256679534913,
        2.3025255653381347,
        2.3025278778076173
    ],
    "识别率%": 0.5723443223443223
}