{
    "准确率%": [
        11.75,
        13.90999984741211,
        16.579999923706055,
        20.450000762939453,
        25.920000076293945,
        33.619998931884766,
        40.91999816894531,
        46.02000045776367,
        49.630001068115234,
        51.630001068115234,
        53.060001373291016,
        53.83000183105469,
        53.65999984741211,
        53.40999984741211,
        52.880001068115234
    ],
    "损失": [
        2.290634252166748,
        2.281422315979004,
        2.2736388217926025,
        2.26564560546875,
        2.257418151473999,
        2.2483485496520994,
        2.2376414852142332,
        2.225919097137451,
        2.2123468421936034,
        2.1972056274414062,
        2.179253968811035,
        2.1595591186523437,
        2.136430693054199,
        2.109967219543457,
        2.0806926403045654
    ],
    "识别率%": 3.6813186813186816
}