{
    "准确率%": [
        11.75,
        13.619999885559082,
        16.1299991607666,
        20.510000228881836,
        25.739999771118164,
        32.43000030517578,
        39.68000030517578,
        44.779998779296875,
        48.40999984741211,
        51.11000061035156,
        53.220001220703125,
        54.15999984741211,
        54.459999084472656,
        54.16999816894531,
        53.95000076293945
    ],
    "损失": [
        2.290800058746338,
        2.281708386993408,
        2.273832744598389,
        2.265897689819336,
        2.257602606201172,
        2.2484760833740234,
        2.238109973907471,
        2.2267895511627196,
        2.2137318325042723,
        2.198709493637085,
        2.181305114364624,
        2.161598668670654,
        2.13830938911438,
        2.1129253593444823,
        2.083907530593872
    ],
    "识别率%": 5.16025641025641
}