{
    "global_epochs": 6,
    "Accuracy": [
        0.7916666666666665,
        0.8645833333333335,
        0.875,
        0.8958333333333335,
        0.8958333333333335,
        0.9270833333333335
    ],
    "model_parameter": [
        -0.45174926416075983,
        -0.21419995611137882,
        0.14540457266466794,
        0.16121982653247124,
        -0.05399198507517451,
        0.10694682047494757,
        -0.41824030244881877,
        -0.6108570797489427,
        0.21696406739701138,
        0.14146210594291664,
        -0.42729752837796475,
        -0.293043461588017,
        0.1541921335335217,
        0.30202583672541594,
        -0.20369275189594382,
        0.13638207029448063,
        0.2776335978579144,
        -0.32148284332357846,
        0.07535279084117225,
        0.22833292258030471,
        -0.25977566963768506,
        0.05909550815345483,
        0.2788669220119686,
        -0.15410703605429327,
        -0.32284265230906106,
        -0.2886626777127874,
        -0.6177444722698034,
        0.12056089209324387,
        0.10626127928971282,
        0.11896001141883898,
        -0.009805959194922146
    ]
}