{
    "global_epochs": 3,
    "Accuracy": [
        0.84375,
        0.8854166666666665,
        0.9270833333333335
    ],
    "model_parameter": [
        -0.5666056880198344,
        0.20331727604938118,
        0.030648640862343028,
        -0.2926752589029884,
        0.2117437417625305,
        -0.2804930466008838,
        0.16362552344303083,
        0.1559695883889072,
        -0.31316585734333513,
        0.11517088935190964,
        0.11663479311538835,
        0.3037045199977409,
        -0.5379505135413607,
        0.27591516108517333,
        -0.2945043234118396,
        -0.4571849908243924,
        0.025397875628466203,
        -0.2597140636928062,
        0.2601729484681708,
        -0.15032595581271951,
        0.2213434397919879,
        -0.44466152874037884,
        0.09695616881260659,
        -0.6053768043258353,
        -0.06476074268182065,
        -0.09503999943514857,
        0.12952986249153328,
        -0.11824699086016743,
        -0.08779900416693233,
        0.10457044502070048,
        0.04377177550814901
    ]
}