{
    "global_epochs": 3,
    "Accuracy": [
        0.875,
        0.8854166666666665,
        0.9166666666666665
    ],
    "model_parameter": [
        -0.1958894360251277,
        -0.3216446687121978,
        -0.38387010988704673,
        0.2813567245043811,
        0.2843085206328858,
        -0.267019475981051,
        0.0771992828395628,
        -0.5572470836304477,
        0.3011547032465523,
        -0.38375006982457677,
        -0.0626607944612716,
        0.0004441145121389332,
        -0.1721361622569543,
        -0.11036390689277674,
        0.07159151225270147,
        -0.16197859063503112,
        0.2056560187028941,
        -0.3160009863473285,
        0.3503412246546958,
        0.09957467546036877,
        -0.24391831367560687,
        0.23457377703526514,
        -0.5414443839884906,
        0.005535817478318454,
        -0.6209290125798501,
        0.4040428056148763,
        0.21550812071995024,
        -0.006284809753276333,
        -0.43925224744328456,
        -0.048833689886914035,
        0.07255771021435758
    ]
}