{
    "global_epochs": 3,
    "Accuracy": [
        0.9166666666666665,
        0.53125,
        0.9583333333333335
    ],
    "model_parameter": [
        -0.7988961984230128,
        -0.2757146860581837,
        -0.5582881817962552,
        -0.15035480597454343,
        -0.2960243849401357,
        -0.19140104302373218,
        -0.32225971016091054,
        -0.002111605660531006,
        -0.32812225907957365,
        -0.07562802378302429,
        -0.5837229910987519,
        -0.1691935904222566,
        0.20039622044675004,
        -0.2036482403319487,
        -0.08210876241372801,
        -0.23102247343866728,
        -0.4604498872587084,
        -0.38647986658507466,
        0.3171776444898194,
        0.1068131555073699,
        -0.31755417576091866,
        -0.32400846814405615,
        0.0038587167883532415,
        0.0056300947779442875,
        -0.24294817475799077,
        0.16945537178773745,
        -0.7122583298507382,
        0.018133644928959705,
        -0.24032838560668646,
        0.09479319871760247,
        0.42421227995255506
    ]
}