{
    "global_epochs": 3,
    "Accuracy": [
        0.9479166666666665,
        0.17708333333333337,
        0.9791666666666665
    ],
    "model_parameter": [
        -0.9491601967344554,
        -0.342757260754458,
        -0.3016371047201936,
        -0.012242733354598462,
        -0.28210951569920084,
        -0.09280388517453543,
        -0.46604582206830225,
        -0.7487292150705422,
        0.16521233487523682,
        0.09880753886363121,
        -0.5613211359259128,
        0.05625131277794526,
        0.2493328343503264,
        -0.5550115979284408,
        0.3022226978554477,
        -0.360565982777192,
        -0.36196535663719454,
        -0.014278884582163816,
        0.05392436270919453,
        0.041447086435008926,
        -0.5823570705641768,
        -0.492946119195807,
        -0.8726580185073507,
        -1.0477879395510465,
        -0.41379430607930306,
        -0.10394016901967675,
        -0.12141046732219184,
        -0.45545434596658513,
        -0.47582351123777306,
        -0.34029591739766896,
        0.1791682760535208
    ]
}