{
    "global_epochs": 3,
    "Accuracy": [
        0.6770833333333335,
        0.8020833333333335,
        0.8229166666666665
    ],
    "model_parameter": [
        -0.48855523823877883,
        0.1863862197541273,
        -0.5272335181899761,
        -0.05013679045470916,
        0.0933536136720763,
        0.20564499839127032,
        0.20443358541728238,
        -0.23892389924040575,
        0.27172070380146535,
        -0.08995035783683701,
        -0.42589949732231686,
        0.23582596388549107,
        -0.32226896613497075,
        0.4041133791128132,
        0.18938745210437574,
        0.27809976740439235,
        0.24280916694788138,
        -0.45937641419219954,
        0.14933121589581247,
        -0.008343082388555963,
        0.31160177507334164,
        0.04905678293131628,
        0.11632853665310003,
        -0.2804277380598785,
        -0.5405330356654467,
        0.2916643623219872,
        -0.3413592943504914,
        -0.416133732392927,
        -0.3688257879508445,
        0.1749150521338783,
        -0.08391369228883387
    ]
}