{
    "global_epochs": 3,
    "Accuracy": [
        0.9270833333333335,
        0.9375,
        0.9479166666666665
    ],
    "model_parameter": [
        0.28397179337996903,
        0.22146984369693806,
        0.32385282620974165,
        -0.36162155872233326,
        0.15389625351836023,
        0.3309257712780281,
        -0.2663461634779351,
        -0.3726295089471228,
        -0.13555110930025005,
        0.37613729740419116,
        -0.3148761902031443,
        -0.006811767366616632,
        0.4196452032622026,
        -0.1810460324427516,
        -0.053644520088362437,
        -0.35547377144594605,
        -0.25842818736657275,
        0.28976256089884816,
        -0.20256383985064935,
        -0.15401141676174476,
        -0.2933850151050446,
        -0.44346825987081534,
        -0.4269830837012063,
        0.13162055791149202,
        -0.2603112013631829,
        0.03852040903518136,
        0.19794535285223663,
        -0.44977284442538473,
        -0.21892977805613464,
        -0.14133755617235655,
        0.18662197999019692
    ]
}