{
    "global_epochs": 3,
    "Accuracy": [
        0.8958333333333335,
        0.40625,
        0.9479166666666665
    ],
    "model_parameter": [
        -0.5148094695252795,
        -0.155640145093483,
        0.09789865504497144,
        -0.38461314170824035,
        -0.2712597017709306,
        -0.2998808623299099,
        -0.46644932076026185,
        -0.28604724198711395,
        0.20691491072073312,
        0.07719091825966626,
        0.1989575802765419,
        0.03738878728687317,
        -0.487772224851909,
        0.07708463830652323,
        0.06315787212915004,
        0.013871592320419821,
        0.12635972175615906,
        0.22023167578773528,
        -0.2567672754418873,
        -0.2257298858364558,
        0.1080660804271578,
        -0.12596813191496664,
        -0.49945628960837807,
        -0.18983751773665614,
        -0.021917529388697215,
        -0.263876935443723,
        -0.5236202792674957,
        -0.5068381722298722,
        0.11386971472333757,
        0.006629949824210915,
        -0.0026322064953928095
    ]
}