{
    "global_epochs": 18,
    "model_parameter": [],
    "Accuracy": [
        1996.076875,
        1996.00375,
        1995.9263888888888,
        1995.8219618055557,
        1995.6985069444445,
        1995.5547395833335,
        1995.3931770833335,
        1995.185,
        1994.9826215277778,
        1994.8444270833334,
        1994.625746527778,
        1994.3414236111112,
        1994.0744791666666,
        1993.81125,
        1993.5050347222223,
        1993.2584375,
        1992.9646527777777,
        1992.6457638888887
    ],
    "recognize_rate": 0.0
}