{
    "global_epochs": 15,
    "model_parameter": [],
    "Accuracy": [
        34.27173098437769,
        34.24423505689406,
        34.21170607471351,
        34.166128093766154,
        34.08879762319867,
        33.942572743220104,
        33.690731775657525,
        33.33785732460581,
        32.906811414893156,
        32.42235603318058,
        31.90834516662987,
        31.37201742195578,
        30.81211242770442,
        30.225128243877087,
        29.617961702190676
    ],
    "recognize_rate": 0.13884068031933355
}