{
    "global_epochs": 3,
    "Accuracy": [
        0.9166666666666665,
        0.5104166666666666,
        0.9583333333333335
    ],
    "model_parameter": [
        -0.5749123550364819,
        -0.173398938015206,
        -0.0022437742093908575,
        -0.6648535642269193,
        0.006852923309779823,
        -0.27489382160007836,
        -0.16752523560507365,
        -0.027108063956103396,
        -0.3976899372967573,
        -0.31289583264634296,
        -0.360044265415296,
        -0.26918664666871855,
        -0.415243176279894,
        -0.20087876280072448,
        0.15485045285756954,
        0.25578640698402966,
        0.2629907557003907,
        0.15832914024883726,
        0.14270771803692686,
        -0.06922490109119976,
        -0.3822605187324445,
        -0.15666250876212306,
        0.02809890867345266,
        -0.056420003664654265,
        0.05429026313368993,
        -0.3835636370557063,
        -0.5738749757348577,
        -0.252550546309712,
        0.1430816225161504,
        -0.2999090122634123,
        0.06174115838857631
    ]
}