{
    "global_epochs": 6,
    "Accuracy": [
        2289.8987650790227,
        889.2093728565994,
        4054.2646743002565,
        10767.017507118173,
        23067.307144228722,
        45817.80184338015
    ],
    "model_parameter": [
        7767.128534671639,
        7824.781164653371,
        8325.731379755822,
        8203.107017011076,
        1926.763767031084,
        5012.227279979638,
        -1423.9453967595953,
        8025.783487251776,
        45335.038951711205
    ],
    "recognize_rate": 0.0
}