{
    "global_epochs": 20,
    "Accuracy": [
        3424.4021326630095,
        3375.8244214721144,
        3281.76737840904,
        3092.5898092901293,
        2714.269081690505,
        1959.955389997033,
        451.897142052186,
        2558.5989879340314,
        8567.931166878428,
        20564.570144135836,
        44513.96584762271,
        92339.53191126246,
        187806.39934345838,
        378409.357681888,
        759048.2385786016,
        1518709.0162527598,
        3035410.8506108285,
        6063611.18889231,
        12108999.542167705,
        24182767.057521217
    ],
    "model_parameter": [
        4199365.46334028,
        4249415.639745798,
        3965892.806372098,
        4380991.366808944,
        4154100.922187395,
        3613558.2635018188,
        3754710.4621608155,
        3990299.231205567,
        7021439.148190261
    ]
}