{
    "global_epochs": 6,
    "Accuracy": [
        1004057251876.1108,
        1.1611011690641318e+22,
        1.4651451347291772e+32,
        1.5964398872733356e+42,
        1.88253227959753e+52,
        2.0689867985087226e+62
    ],
    "model_parameter": [
        -9.051481922689582e+57,
        -8.956708951446839e+58,
        -1.0631483956853204e+60,
        -8.989759098140598e+59,
        -4.160105102727367e+59,
        -5.786140532387209e+59,
        -2.322208174782166e+59,
        -1.4289006427265062e+61,
        -9.961248952371955e+57
    ]
}