{
    "global_epochs": 20,
    "Accuracy": [
        20.76155894766639,
        20.76155894766639,
        20.76155894766639,
        20.76155894766639,
        20.76155894766639,
        20.76155894766639,
        20.76155894766639,
        20.76155894766639,
        20.76155894766639,
        20.76155894766639,
        20.76155894766639,
        20.76155894766639,
        20.76155894766639,
        20.76155894766639,
        20.76155894766639,
        20.76155894766639,
        20.76155894766639,
        20.76155894766639,
        20.76155894766639,
        20.76155894766639
    ],
    "model_parameter": [
        0.2753288052008406,
        -0.06942388730167615,
        0.2809956237535959,
        -0.23478412196728915,
        -0.26726496159631075,
        -0.23659285532308472,
        0.08031141381019413,
        0.0801572398539172,
        -0.47163600885833623
    ],
    "recognize_rate": 0.0
}