{
    "global_epochs": 20,
    "Accuracy": [
        22.055096614790457,
        21.994480669021613,
        21.9107640639266,
        21.795215483839044,
        21.634265170158947,
        21.411614621321995,
        21.093558378250176,
        20.651221799141666,
        20.03072352075825,
        19.164743010172693,
        17.954205154907037,
        16.259059789756563,
        13.889612107569892,
        10.592713604605551,
        6.366337930773011,
        5.265335510486709,
        11.443558809706383,
        23.290990028639,
        40.726816640186655,
        65.53189481457638
    ],
    "model_parameter": [
        -22331.879831256007,
        -220744.74552315357,
        -155194.94872862534,
        -211922.1474888315,
        -207300.1829626058,
        -31762.335622993658,
        37545.272781889864,
        38102.70151190148,
        327007.8853371818
    ],
    "recognize_rate": 0.0
}