{
    "global_epochs": 20,
    "Accuracy": [
        19.086262901506323,
        19.033112082874073,
        18.956519997155407,
        18.84899856441703,
        18.69935767713799,
        18.491076440345104,
        18.19970427338058,
        17.790525944205825,
        17.216467858642293,
        16.414864733500423,
        15.293821154235332,
        13.727796268320839,
        11.536789091917974,
        8.562183792474487,
        5.85134681299201,
        7.593042106236549,
        14.904535744725408,
        26.91484714202336,
        43.75416228414306,
        67.55845953168138
    ],
    "model_parameter": [
        9660.905641889663,
        -242960.51767560496,
        -183592.65153958113,
        -233474.42165900648,
        -239182.00646682607,
        -13209.144611207348,
        35042.2783197342,
        34513.53486512341,
        343003.73730855633
    ],
    "recognize_rate": 0.0
}