{
    "global_epochs": 20,
    "Accuracy": [
        18.845565667638247,
        18.788563089960498,
        18.730662583272974,
        18.675580848878088,
        18.61887874284728,
        18.562118261629454,
        18.50336291493403,
        18.448027480627285,
        18.392864030425773,
        18.331449067109542,
        18.27516997342219,
        18.217717623444802,
        18.160776239995403,
        18.10373320853824,
        18.04474853156046,
        17.991406741780676,
        17.934432390385645,
        17.87962807663484,
        17.82428086137574,
        17.765923105974807
    ],
    "model_parameter": [
        -245.36269809768154,
        -3162.4102633876682,
        -2169.46956195193,
        -3080.277536260907,
        -3038.63572246746,
        -538.297137040874,
        361.6036397260762,
        361.87598840174144,
        4658.671798843823
    ],
    "recognize_rate": 0.0
}