{
    "global_epochs": 15,
    "Accuracy": [
        34.31218053972989,
        34.27076348959178,
        34.21119862801825,
        34.12529169034985,
        34.00610365905923,
        33.839913890783286,
        33.607791357995964,
        33.281937326667965,
        32.82746585816858,
        32.188872169608636,
        31.297533201507346,
        30.04967815300974,
        28.303860774616286,
        25.85962589486613,
        22.439026850827723
    ],
    "model_parameter": [
        189.77967109189058,
        265.7487174487024,
        242.1171478458621,
        218.466084430558,
        70.85310214186376,
        116.95850575290591,
        60.14412979174782,
        237.74704222453875,
        1081.7336006852524
    ],
    "recognize_rate": 0.0
}