{
    "global_epochs": 15,
    "Accuracy": [
        0.3419463387103143,
        0.34159724614582415,
        0.34097867425334116,
        0.339861185541922,
        0.3378404204344739,
        0.33420865225624113,
        0.32767361939779477,
        0.31591485511195827,
        0.29474103290444253,
        0.2566396742662856,
        0.18806909537094815,
        0.07341002904752457,
        0.21147260827479786,
        0.5988916056746101,
        1.3208825366854688
    ],
    "model_parameter": [
        2760.7389972537912,
        5372.245255184567,
        4074.1755976407767,
        4795.000339293353,
        -1800.983691791399,
        4307.71865603555,
        -1558.351003961438,
        -144.1488033295321,
        14397.387236381006
    ],
    "recognize_rate": 0.0
}