{
    "global_epochs": 12,
    "Accuracy": [
        20.947033722796373,
        20.91834794036091,
        20.876774992669322,
        20.82016469847731,
        20.740372973068972,
        20.629390689914512,
        20.473965624325874,
        20.256568601716722,
        19.95218244267797,
        19.52547054869915,
        18.928327429874713,
        18.09323786874256
    ],
    "model_parameter": [
        -495.53853511221865,
        -8178.891140015423,
        -6586.851266219993,
        -8615.82874601758,
        -7599.9419909624885,
        -1274.7468425481322,
        1208.7427634473474,
        1195.3378315531647,
        11238.436206569284
    ],
    "recognize_rate": 0.0
}