{
    "global_epochs": 15,
    "Accuracy": [
        20.990359787852476,
        20.958434013817477,
        20.91788030517581,
        20.86400542540831,
        20.793237090014017,
        20.700276662558377,
        20.575698477061007,
        20.411811293373646,
        20.19540141878878,
        19.911880085068912,
        19.536918633735354,
        19.04113753969189,
        18.388030291121737,
        17.52553623747764,
        16.38915861328521
    ],
    "model_parameter": [
        -372.54200368742977,
        -12984.608949659802,
        -10042.117520277618,
        -12855.014447116275,
        -12358.417090425102,
        -2510.746431051391,
        1740.3723382732599,
        1710.618738798066,
        17980.85162608849
    ],
    "recognize_rate": 0.0
}